{
  "exercise_id": "elbow",
  "angle_ranges": {
    "a11_13_15": [
      40.24428325849961,
      179.6306872340502
    ],
    "a12_14_16": [
      173.27228752567618,
      175.8610284840709
    ]
  },
  "phase_boundaries": [
    [
      0.9895833333333334,
      0.9947916666666666,
      "peak"
    ]
  ],
  "rep_duration_frames": 192.0,
  "source_fps": 24.0,
  "angle_names": [
    "a11_13_15",
    "a12_14_16"
  ],
  "canonical_steps": 100
}