{
  "exercise_id": "t_fly",
  "angle_ranges": {
    "a15_11_23": [
      30.712369211354538,
      158.21300651596593
    ],
    "a16_12_24": [
      29.482233552722565,
      145.6287439343454
    ],
    "a13_11_23": [
      32.990393284809265,
      138.0272638600149
    ],
    "a14_12_24": [
      31.328374432646115,
      133.78619909687256
    ]
  },
  "phase_boundaries": [
    [
      0.016,
      0.032,
      "peak"
    ],
    [
      0.032,
      0.184,
      "eccentric"
    ],
    [
      0.184,
      0.4,
      "concentric"
    ],
    [
      0.4,
      0.416,
      "peak"
    ],
    [
      0.416,
      0.56,
      "eccentric"
    ],
    [
      0.56,
      0.792,
      "concentric"
    ],
    [
      0.792,
      0.808,
      "peak"
    ],
    [
      0.808,
      0.992,
      "eccentric"
    ]
  ],
  "rep_duration_frames": 42.333333333333336,
  "source_fps": 24.0,
  "angle_names": [
    "a15_11_23",
    "a16_12_24",
    "a13_11_23",
    "a14_12_24"
  ],
  "canonical_steps": 100
}