{
  "exercise_id": "shoulder_release",
  "angle_ranges": {
    "a15_11_23": [
      0.04389877172582431,
      176.93976038978442
    ],
    "a16_12_24": [
      124.95295003176942,
      137.0376403315608
    ]
  },
  "phase_boundaries": [
    [
      0.15104166666666666,
      0.16145833333333334,
      "peak"
    ],
    [
      0.16145833333333334,
      0.19270833333333334,
      "eccentric"
    ],
    [
      0.19270833333333334,
      0.23958333333333334,
      "concentric"
    ],
    [
      0.23958333333333334,
      0.25,
      "peak"
    ],
    [
      0.25,
      0.2604166666666667,
      "eccentric"
    ],
    [
      0.2604166666666667,
      0.3333333333333333,
      "concentric"
    ],
    [
      0.3333333333333333,
      0.34375,
      "peak"
    ],
    [
      0.34375,
      0.3802083333333333,
      "eccentric"
    ],
    [
      0.3802083333333333,
      0.9947916666666666,
      "concentric"
    ]
  ],
  "rep_duration_frames": 25.333333333333332,
  "source_fps": 24.0,
  "angle_names": [
    "a15_11_23",
    "a16_12_24"
  ],
  "canonical_steps": 100
}